id,name,original_price,new_price,link,scraped_at
1,"Saucony Tempus
Men's Black/Fog",$ 209.99,$ 140.88,/products/All-Mens-66507/Shoes-27/Running-28/Saucony-Tempus-p58484/?pstart=1,2024-10-15 16:22:06.604115
2,"Hoka Bondi 8
Men's Outer Space/ All Aboard",$ 199.99,N/A,/products/All-Mens-66507/Shoes-27/Running-28/Hoka-Bondi-8-p61341/?pstart=1,2024-10-15 16:22:06.604115
3,"Saucony Ride 16
Men's Black/White",$ 179.99,$ 120.00,/products/All-Mens-66507/Shoes-27/Running-28/Saucony-Ride-16-p62147/?pstart=1,2024-10-15 16:22:06.604115
4,"Saucony Triumph 21
Men's Indigo/Black",$ 209.99,$ 124.88,/products/All-Mens-66507/Shoes-27/Running-28/Saucony-Triumph-21-p62154/?pstart=1,2024-10-15 16:22:06.604115
5,"Saucony Triumph 21
Men's Fog/Bough",$ 209.99,$ 124.88,/products/All-Mens-66507/Shoes-27/Running-28/Saucony-Triumph-21-p63176/?pstart=1,2024-10-15 16:22:06.604115
6,"Saucony Tempus
Men's Hydro/Poppy",$ 209.99,$ 140.88,/products/All-Mens-66507/Shoes-27/Running-28/Saucony-Tempus-p61226/?pstart=1,2024-10-15 16:22:06.604115
7,"Saucony Peregrine 13
Men's Wood/Fossil",$ 169.99,$ 100.00,/products/All-Mens-66507/Shoes-27/Running-28/Saucony-Peregrine-13-p61569/?pstart=1,2024-10-15 16:22:06.604115
8,"Salomon Sense Ride 5
Men's Vanila/Sulphr/Black",$ 169.99,$ 139.99,/products/All-Mens-66507/Shoes-27/Running-28/Salomon-Sense-Ride-5-p63634/?pstart=1,2024-10-15 16:22:06.604115
9,"Hoka Bondi 8
Men's Black / White",$ 199.99,N/A,/products/All-Mens-66507/Shoes-27/Running-28/Hoka-Bondi-8-p59757/?pstart=1,2024-10-15 16:22:06.604115
10,"Hoka Bondi 8
Men's Black / Black",$ 199.99,N/A,/products/All-Mens-66507/Shoes-27/Running-28/Hoka-Bondi-8-p59756/?pstart=1,2024-10-15 16:22:06.604115
11,"Asics Gel Kayano 30
Men's Black/Glow Yellow",$ 219.99,$ 150.88,/products/All-Mens-66507/Shoes-27/Running-28/Asics-Gel-Kayano-30-p62317/?pstart=1,2024-10-15 16:22:06.604115
12,"NB 1080 V13
Men's Black",$ 209.99,$ 165.88,/products/All-Mens-66507/Shoes-27/Running-28/NB-1080-V13-p63425/?pstart=1,2024-10-15 16:22:06.604115
13,"NB 880 v14
Men's Black",$ 179.99,N/A,/products/All-Mens-66507/Shoes-27/Running-28/NB-880-v14-p63470/?pstart=1,2024-10-15 16:22:06.604115
14,"NB 880 v13
Men's Black/Black",$ 179.99,$ 130.88,/products/All-Mens-66507/Shoes-27/Running-28/NB-880-v13-p62804/?pstart=1,2024-10-15 16:22:06.604115
15,"Brooks Ghost 15
Men's Peacoat/Nightlife/Grey",$ 179.99,$ 112.00,/products/All-Mens-66507/Shoes-27/Running-28/Brooks-Ghost-15-p61217/?pstart=1,2024-10-15 16:22:06.604115
16,"Brooks Adrenaline GTS 23
Men's Black/Hawaiian Ocean",$ 179.99,$ 143.88,/products/All-Mens-66507/Shoes-27/Running-28/Brooks-Adrenaline-GTS-23-p62167/?pstart=1,2024-10-15 16:22:06.604115
17,"Hoka Bondi 8
Men's Costal Sky/Orange",$ 199.99,N/A,/products/All-Mens-66507/Shoes-27/Running-28/Hoka-Bondi-8-p61479/?pstart=1,2024-10-15 16:22:06.604115
18,"Brooks Beast GTS 23
Men's Black/Ebony/Gunmetal",$ 199.99,$ 158.88,/products/All-Mens-66507/Shoes-27/Running-28/Brooks-Beast-GTS-23-p62157/?pstart=1,2024-10-15 16:22:06.604115
19,"Brooks Beast GTS 23
Men's Chateau Grey/White Sand",$ 199.99,$ 158.88,/products/All-Mens-66507/Shoes-27/Running-28/Brooks-Beast-GTS-23-p63067/?pstart=1,2024-10-15 16:22:06.604115
20,"NB 1080 V13
Men's Marine Blue",$ 209.99,$ 165.88,/products/All-Mens-66507/Shoes-27/Running-28/NB-1080-V13-p62399/?pstart=1,2024-10-15 16:22:06.604115
21,"Brooks Glycerin 21
Men's Coconut/Forged Iron",$ 199.99,N/A,/products/All-Mens-66507/Shoes-27/Running-28/Brooks-Glycerin-21-p63081/?pstart=1,2024-10-15 16:22:06.604115
22,"Salomon Alphacross 5 GTX
Men's Black/Black/Ebony",$ 139.99,N/A,/products/All-Mens-66507/Shoes-27/Running-28/Salomon-Alphacross-5-GTX-p62590/?pstart=1,2024-10-15 16:22:06.604115
23,"NB 548
Men's Black",$ 99.99,$ 70.00,/products/All-Mens-66507/Shoes-27/Running-28/NB-548-p63544/?pstart=1,2024-10-15 16:22:06.604115
24,"Asics Gel Cumulus 26
Men's Black/Concrete",$ 179.99,N/A,/products/All-Mens-66507/Shoes-27/Running-28/Asics-Gel-Cumulus-26-p63370/?pstart=1,2024-10-15 16:22:06.604115
25,"Hoka Clifton 9
Men's Black/White",$ 179.99,N/A,/products/All-Mens-66507/Shoes-27/Running-28/Hoka-Clifton-9-p61476/?pstart=1,2024-10-15 16:22:06.604115
26,"NB 880 v14
Men's Blue Oasis",$ 179.99,N/A,/products/All-Mens-66507/Shoes-27/Running-28/NB-880-v14-p63471/?pstart=1,2024-10-15 16:22:06.604115
27,"Altra Torin 7
Men's Blue",$ 189.99,N/A,/products/All-Mens-66507/Shoes-27/Running-28/Altra-Torin-7-p62437/?pstart=1,2024-10-15 16:22:06.604115
28,"Hoka Arahi 7
Men's Black / White",$ 179.99,N/A,/products/All-Mens-66507/Shoes-27/Running-28/Hoka-Arahi-7-p63547/?pstart=1,2024-10-15 16:22:06.604115
29,"Hoka Arahi 7
Men's Shadow/Dusk",$ 179.99,N/A,/products/All-Mens-66507/Shoes-27/Running-28/Hoka-Arahi-7-p63440/?pstart=1,2024-10-15 16:22:06.604115
30,"Hoka Clifton 9
Men's Black/Black",$ 179.99,N/A,/products/All-Mens-66507/Shoes-27/Running-28/Hoka-Clifton-9-p62628/?pstart=1,2024-10-15 16:22:06.604115
31,"Saucony Ride 17
Men's Black/White",$ 179.99,$ 124.88,/products/All-Mens-66507/Shoes-27/Running-28/Saucony-Ride-17-p63168/?pstart=1,2024-10-15 16:22:06.604115
32,"Hoka Bondi SR
Men's Black/Black",$ 199.99,N/A,/products/All-Mens-66507/Shoes-27/Running-28/Hoka-Bondi-SR-p57416/?pstart=1,2024-10-15 16:22:06.604115
33,"Salomon Thundercross
Men's Safari/Sulphr/Black",$ 169.99,N/A,/products/All-Mens-66507/Shoes-27/Running-28/Salomon-Thundercross-p63633/?pstart=1,2024-10-15 16:22:06.604115
34,"Saucony Peregrine 14
Men's Black/Carbon",$ 169.99,N/A,/products/All-Mens-66507/Shoes-27/Running-28/Saucony-Peregrine-14-p63164/?pstart=1,2024-10-15 16:22:06.604115
35,"Asics Gel Nimbus 26
Men's Black/Graphite Grey",$ 209.99,N/A,/products/All-Mens-66507/Shoes-27/Running-28/Asics-Gel-Nimbus-26-p63376/?pstart=1,2024-10-15 16:22:06.604115
36,"Saucony Guide 17
Men's Black/Shadow",$ 179.99,$ 124.88,/products/All-Mens-66507/Shoes-27/Running-28/Saucony-Guide-17-p63135/?pstart=1,2024-10-15 16:22:06.604115
37,"Brooks Ghost Max
Men's Black/Atomic Blue/Jasmin",$ 189.99,$ 150.88,/products/All-Mens-66507/Shoes-27/Running-28/Brooks-Ghost-Max-p62215/?pstart=1,2024-10-15 16:22:06.604115
38,"Hoka Bondi 8
Men's Virtual Blue/Swim Day",$ 199.99,N/A,/products/All-Mens-66507/Shoes-27/Running-28/Hoka-Bondi-8-p63437/?pstart=1,2024-10-15 16:22:06.604115
39,"Altra Paradigm 7
Men's Blue",$ 199.99,$ 189.99,/products/All-Mens-66507/Shoes-27/Running-28/Altra-Paradigm-7-p62470/?pstart=1,2024-10-15 16:22:06.604115
40,"Saucony Triumph 21
Men's Black/White",$ 209.99,$ 124.88,/products/All-Mens-66507/Shoes-27/Running-28/Saucony-Triumph-21-p62153/?pstart=1,2024-10-15 16:22:06.604115
41,"Hoka Clifton 9
Men's Ice Water/E.Primrose",$ 179.99,N/A,/products/All-Mens-66507/Shoes-27/Running-28/Hoka-Clifton-9-p64215/?pstart=1,2024-10-15 16:22:06.604115
42,"Altra Torin 7
Men's Black",$ 189.99,N/A,/products/All-Mens-66507/Shoes-27/Running-28/Altra-Torin-7-p63455/?pstart=1,2024-10-15 16:22:06.604115
43,"Brooks Adrenaline GTS 23
Men's Grey/Crown Blue/Orange",$ 179.99,$ 143.88,/products/All-Mens-66507/Shoes-27/Running-28/Brooks-Adrenaline-GTS-23-p62994/?pstart=1,2024-10-15 16:22:06.604115
44,"Hoka Bondi 8
Men's Sharkskin/Harbor Mist",$ 199.99,N/A,/products/All-Mens-66507/Shoes-27/Running-28/Hoka-Bondi-8-p61640/?pstart=1,2024-10-15 16:22:06.604115
45,"Asics Gel Kayano 30
Men's Black/Sheet Rock",$ 219.99,$ 150.88,/products/All-Mens-66507/Shoes-27/Running-28/Asics-Gel-Kayano-30-p62318/?pstart=1,2024-10-15 16:22:06.604115
46,"Brooks Beast GTS 23
Men's Peacoat/Blue/White",$ 199.99,$ 158.88,/products/All-Mens-66507/Shoes-27/Running-28/Brooks-Beast-GTS-23-p63013/?pstart=1,2024-10-15 16:22:06.604115
47,"Altra VIA Olympus 2
Men's Gray",$ 199.99,N/A,/products/All-Mens-66507/Shoes-27/Running-28/Altra-VIA-Olympus-2-p63458/?pstart=1,2024-10-15 16:22:06.604115
48,"Brooks Adrenaline GTS 23
Men's Black/Black/Ebony",$ 179.99,$ 143.88,/products/All-Mens-66507/Shoes-27/Running-28/Brooks-Adrenaline-GTS-23-p62166/?pstart=1,2024-10-15 16:22:06.604115
49,"Brooks Cascadia 17
Men's Blue/Navy/Firecracker",$ 169.99,$ 149.99,/products/All-Mens-66507/Shoes-27/Running-28/Brooks-Cascadia-17-p62193/?pstart=49,2024-10-15 16:22:11.411658
50,"Altra Outroad 2
Men's Black/Red",$ 179.99,$ 100.00,/products/All-Mens-66507/Shoes-27/Running-28/Altra-Outroad-2-p62436/?pstart=49,2024-10-15 16:22:11.411658
51,"Altra TIMP 5
Men's Lime",$ 189.99,N/A,/products/All-Mens-66507/Shoes-27/Running-28/Altra-TIMP-5-p63449/?pstart=49,2024-10-15 16:22:11.411658
52,"Altra Lone Peak 8
Men's Navy/Black",$ 179.99,$ 125.88,/products/All-Mens-66507/Shoes-27/Running-28/Altra-Lone-Peak-8-p63188/?pstart=49,2024-10-15 16:22:11.411658
53,"Hoka Clifton 9
Men's Harbor Mist/Black",$ 179.99,N/A,/products/All-Mens-66507/Shoes-27/Running-28/Hoka-Clifton-9-p62578/?pstart=49,2024-10-15 16:22:11.411658
54,"Saucony Echelon 9
Men's Black/White",$ 179.99,N/A,/products/All-Mens-66507/Shoes-27/Running-28/Saucony-Echelon-9-p59919/?pstart=49,2024-10-15 16:22:11.411658
55,"Brooks Adrenaline GTS 23
Men's Green Gecko/Grey/A.Blue",$ 179.99,$ 143.88,/products/All-Mens-66507/Shoes-27/Running-28/Brooks-Adrenaline-GTS-23-p63144/?pstart=49,2024-10-15 16:22:11.411658
56,"Salomon Speedcross 6 GTX
Men's Black/Sulphr",$ 209.99,N/A,/products/All-Mens-66507/Shoes-27/Running-28/Salomon-Speedcross-6-GTX-p63636/?pstart=49,2024-10-15 16:22:11.411658
57,"Brooks Addiction GTS 15
Men's India Ink/Black/Blue",$ 169.99,N/A,/products/All-Mens-66507/Shoes-27/Running-28/Brooks-Addiction-GTS-15-p58300/?pstart=49,2024-10-15 16:22:11.411658
58,"La Sportiva Jackal II
Men's Black/Clay",$ 199.99,$ 90.00,/products/All-Mens-66507/Shoes-27/Running-28/La-Sportiva-Jackal-II-p62059/?pstart=49,2024-10-15 16:22:11.411658
59,"Brooks Beast GTS 23
Men's Grey/Scarlet/Ebony",$ 199.99,$ 158.88,/products/All-Mens-66507/Shoes-27/Running-28/Brooks-Beast-GTS-23-p62158/?pstart=49,2024-10-15 16:22:11.411658
60,"NB Vongo V6
Men's Mercury Blue",$ 209.99,N/A,/products/All-Mens-66507/Shoes-27/Running-28/NB-Vongo-V6-p63472/?pstart=49,2024-10-15 16:22:11.411658
61,"Brooks Glycerin 21
Men's Blue/Nightlife/Black",$ 199.99,N/A,/products/All-Mens-66507/Shoes-27/Running-28/Brooks-Glycerin-21-p63080/?pstart=49,2024-10-15 16:22:11.411658
62,"Salomon Sense Ride 5
Men's Lunar Rock/Orange",$ 169.99,$ 139.99,/products/All-Mens-66507/Shoes-27/Running-28/Salomon-Sense-Ride-5-p61786/?pstart=49,2024-10-15 16:22:11.411658
63,"Mizuno Wave Sky 7
Men's Pearl Blue / White",$ 209.99,$ 189.99,/products/All-Mens-66507/Shoes-27/Running-28/Mizuno-Wave-Sky-7-p63488/?pstart=49,2024-10-15 16:22:11.411658
64,"Hoka Bondi 8
Men's Real Teal / Shadow",$ 199.99,N/A,/products/All-Mens-66507/Shoes-27/Running-28/Hoka-Bondi-8-p63551/?pstart=49,2024-10-15 16:22:11.411658
65,"Brooks Addiction GTS 15
Men's Black/Black/Ebony",$ 169.99,N/A,/products/All-Mens-66507/Shoes-27/Running-28/Brooks-Addiction-GTS-15-p58301/?pstart=49,2024-10-15 16:22:11.411658
66,"NB 860 V13
Men's Light Arctic Grey",$ 179.99,$ 133.88,/products/All-Mens-66507/Shoes-27/Running-28/NB-860-V13-p60427/?pstart=49,2024-10-15 16:22:11.411658
67,"Salomon Thundercross
Men's Black/Quiet Shade",$ 169.99,N/A,/products/All-Mens-66507/Shoes-27/Running-28/Salomon-Thundercross-p62613/?pstart=49,2024-10-15 16:22:11.411658
68,"Altra Torin 7
Men's Black/Red",$ 189.99,N/A,/products/All-Mens-66507/Shoes-27/Running-28/Altra-Torin-7-p62694/?pstart=49,2024-10-15 16:22:11.411658
69,"Salomon Spikecross 6 GTX
Men's Black/Surf The Web",$ 229.99,N/A,/products/All-Mens-66507/Shoes-27/Running-28/Salomon-Spikecross-6-GTX-p62610/?pstart=49,2024-10-15 16:22:11.411658
70,"Brooks Glycerin GTS 21
Men's Black/Grey/White",$ 199.99,N/A,/products/All-Mens-66507/Shoes-27/Running-28/Brooks-Glycerin-GTS-21-p63101/?pstart=49,2024-10-15 16:22:11.411658
71,"Brooks Cascadia 17
Men's Chateau Grey/Forged Iron",$ 169.99,$ 149.99,/products/All-Mens-66507/Shoes-27/Running-28/Brooks-Cascadia-17-p63070/?pstart=49,2024-10-15 16:22:11.411658
72,"Hoka Rocket X 2
Unisex Ceramic/Primrose",$ 279.99,N/A,/products/All-Mens-66507/Shoes-27/Running-28/Hoka-Rocket-X-2-p62287/?pstart=49,2024-10-15 16:22:11.411658
73,"Saucony Peregrine 14
Men's Stone/Cinder",$ 169.99,N/A,/products/All-Mens-66507/Shoes-27/Running-28/Saucony-Peregrine-14-p63165/?pstart=49,2024-10-15 16:22:11.411658
74,"Salomon Speedcross 6
Men's Carbon/Tide/White",$ 179.99,N/A,/products/All-Mens-66507/Shoes-27/Running-28/Salomon-Speedcross-6-p63638/?pstart=49,2024-10-15 16:22:11.411658
75,"On Cloudsurfer
Men's Auburn/Frost",$ 199.99,N/A,/products/All-Mens-66507/Shoes-27/Running-28/On-Cloudsurfer-p63629/?pstart=49,2024-10-15 16:22:11.411658
76,"Salomon Ultra Glide 2
Men's Vanila/Sulphr",$ 179.99,N/A,/products/All-Mens-66507/Shoes-27/Running-28/Salomon-Ultra-Glide-2-p63643/?pstart=49,2024-10-15 16:22:11.411658
77,"On Cloudgo
Men's Mahogany/Ivory",$ 179.99,N/A,/products/All-Mens-66507/Shoes-27/Running-28/On-Cloudgo-p63620/?pstart=49,2024-10-15 16:22:11.411658
78,"Brooks Divide 4
Men's Blue/Navy/Firecracker",$ 139.99,$ 80.00,/products/All-Mens-66507/Shoes-27/Running-28/Brooks-Divide-4-p62195/?pstart=49,2024-10-15 16:22:11.411658
79,"La Sportiva Cyklon Cross GTX
Men's Black/Yellow",$ 264.99,$ 199.99,/products/All-Mens-66507/Shoes-27/Running-28/La-Sportiva-Cyklon-Cross-GTX-p60424/?pstart=49,2024-10-15 16:22:11.411658
80,"Hoka Speedgoat 5 GTX Spike
Men's Black / Black",$ 224.99,N/A,/products/All-Mens-66507/Shoes-27/Running-28/Hoka-Speedgoat-5-GTX-Spike-p60169/?pstart=49,2024-10-15 16:22:11.411658
81,"Asics Gel Nimbus 26
Men's French Blue/E.Lime",$ 209.99,N/A,/products/All-Mens-66507/Shoes-27/Running-28/Asics-Gel-Nimbus-26-p64209/?pstart=49,2024-10-15 16:22:11.411658
82,"Brooks Launch 10
Men's White/Black/Fiery Coral",$ 149.99,N/A,/products/All-Mens-66507/Shoes-27/Running-28/Brooks-Launch-10-p63114/?pstart=49,2024-10-15 16:22:11.411658
83,"Mizuno Wave Rider 27
Men's Navy Peony /Sharp Green",$ 179.99,$ 129.88,/products/All-Mens-66507/Shoes-27/Running-28/Mizuno-Wave-Rider-27-p63484/?pstart=49,2024-10-15 16:22:11.411658
84,"NB 840 v5
Men's Black",$ 179.99,$ 90.00,/products/All-Mens-66507/Shoes-27/Running-28/NB-840-v5-p58699/?pstart=49,2024-10-15 16:22:11.411658
85,"NB Fresh Foam X 840 V1
Men's Blacktop",$ 189.99,N/A,/products/All-Mens-66507/Shoes-27/Running-28/NB-Fresh-Foam-X-840-V1-p62729/?pstart=49,2024-10-15 16:22:11.411658
86,"On Cloudflow 4
Men's White/Sand",$ 199.99,N/A,/products/All-Mens-66507/Shoes-27/Running-28/On-Cloudflow-4-p64232/?pstart=49,2024-10-15 16:22:11.411658
87,"On Cloud X 3.0
Men's Glacier/Iron",$ 179.99,$ 130.00,/products/All-Mens-66507/Shoes-27/Running-28/On-Cloud-X-30-p62449/?pstart=49,2024-10-15 16:22:11.411658
88,"Saucony Kinvara Pro
Men's Superblue/Black",$ 239.99,N/A,/products/All-Mens-66507/Shoes-27/Running-28/Saucony-Kinvara-Pro-p62127/?pstart=49,2024-10-15 16:22:11.411658
89,"Hoka Challenger ATR 7
Men's Castlerock / Flame",$ 179.99,N/A,/products/All-Mens-66507/Shoes-27/Running-28/Hoka-Challenger-ATR-7-p63554/?pstart=49,2024-10-15 16:22:11.411658
90,"La Sportiva Kaptiva
Men's Yellow/Black",$ 199.99,$ 80.00,/products/All-Mens-66507/Shoes-27/Running-28/La-Sportiva-Kaptiva-p61819/?pstart=49,2024-10-15 16:22:11.411658
180,"NB 1080 V13
Men's Navy",$ 209.99,$ 165.88,/products/All-Mens-66507/Shoes-27/Running-28/NB-1080-V13-p64330/?pstart=145,2024-10-15 16:22:19.984124
91,"Brooks Launch GTS 10
Men's Black/Blackened Pearl",$ 149.99,N/A,/products/All-Mens-66507/Shoes-27/Running-28/Brooks-Launch-GTS-10-p62235/?pstart=49,2024-10-15 16:22:11.411658
92,"Salomon Elixir Mid GTX
Men's Black/Magnet/Shade",$ 249.99,$ 150.00,/products/All-Mens-66507/Shoes-27/Running-28/Salomon-Elixir-Mid-GTX-p62592/?pstart=49,2024-10-15 16:22:11.411658
93,"NB Hierro Mid GTX
Men's Black/Magnet",$ 229.99,$ 169.99,/products/All-Mens-66507/Shoes-27/Running-28/NB-Hierro-Mid-GTX-p62411/?pstart=49,2024-10-15 16:22:11.411658
94,"NB 990 V5
Men's Black/Silver",$ 259.99,N/A,/products/All-Mens-66507/Shoes-27/Running-28/NB-990-V5-p52602/?pstart=49,2024-10-15 16:22:11.411658
95,"Brooks Glycerin 21
Men's Black/Black/Ebony",$ 199.99,N/A,/products/All-Mens-66507/Shoes-27/Running-28/Brooks-Glycerin-21-p63815/?pstart=49,2024-10-15 16:22:11.411658
96,"Hoka Bondi 8
Men's Airy Blue/Diva Blue",$ 199.99,N/A,/products/All-Mens-66507/Shoes-27/Running-28/Hoka-Bondi-8-p63508/?pstart=49,2024-10-15 16:22:11.411658
97,"Inov8 MudClaw G260 V2
Men's Black/Green",$ 214.99,$ 80.00,/products/All-Mens-66507/Shoes-27/Running-28/Inov8-MudClaw-G260-V2-p63597/?pstart=97,2024-10-15 16:22:15.637625
98,"TNF Vectiv Fastpack Mid
Men's Demitasse Brown",$ 219.99,$ 153.99,/products/All-Mens-66507/Shoes-27/Running-28/TNF-Vectiv-Fastpack-Mid-p63675/?pstart=97,2024-10-15 16:22:15.637625
99,"On Cloud 5
Men's Black/White",$ 169.99,N/A,/products/All-Mens-66507/Shoes-27/Running-28/On-Cloud-5-p64284/?pstart=97,2024-10-15 16:22:15.637625
100,"NB Fresh Foam X 840 V1
Men's Castlerock",$ 189.99,N/A,/products/All-Mens-66507/Shoes-27/Running-28/NB-Fresh-Foam-X-840-V1-p62396/?pstart=97,2024-10-15 16:22:15.637625
101,"Salomon Speedcross 6 GTX
Men's Flint/Gecko Green",$ 209.99,N/A,/products/All-Mens-66507/Shoes-27/Running-28/Salomon-Speedcross-6-GTX-p62607/?pstart=97,2024-10-15 16:22:15.637625
102,"Saucony Guide 17
Men's Navy/Cobalt",$ 179.99,$ 124.88,/products/All-Mens-66507/Shoes-27/Running-28/Saucony-Guide-17-p63136/?pstart=97,2024-10-15 16:22:15.637625
103,"TNF Vectiv Fastpack
Men's TNF Black/Vanadis Grey",$ 199.99,$ 139.99,/products/All-Mens-66507/Shoes-27/Running-28/TNF-Vectiv-Fastpack-p63676/?pstart=97,2024-10-15 16:22:15.637625
104,"Saucony Ride 17
Men's Tide/Silver",$ 179.99,$ 124.88,/products/All-Mens-66507/Shoes-27/Running-28/Saucony-Ride-17-p63169/?pstart=97,2024-10-15 16:22:15.637625
105,"Asics Gel Nimbus 26
Men's Sheet Rock/Thunder Blue",$ 209.99,N/A,/products/All-Mens-66507/Shoes-27/Running-28/Asics-Gel-Nimbus-26-p64208/?pstart=97,2024-10-15 16:22:15.637625
106,"Saucony Peregrine Ice+ 3
Men's Black/Shadow",$ 199.99,$ 159.99,/products/All-Mens-66507/Shoes-27/Running-28/Saucony-Peregrine-Ice-3-p60150/?pstart=97,2024-10-15 16:22:15.637625
107,"NB Dynasoft Nitrel v5 GTX
Men's Black",$ 139.99,$ 104.99,/products/All-Mens-66507/Shoes-27/Running-28/NB-Dynasoft-Nitrel-v5-GTX-p62412/?pstart=97,2024-10-15 16:22:15.637625
108,"Inov8 RocLite G345 GTX
Men's Black",$ 179.99,$ 100.00,/products/All-Mens-66507/Shoes-27/Running-28/Inov8-RocLite-G345-GTX-p63595/?pstart=97,2024-10-15 16:22:15.637625
109,"Hoka Bondi 8
Men's Lunar Rock/Nimbus Cloud",$ 199.99,N/A,/products/All-Mens-66507/Shoes-27/Running-28/Hoka-Bondi-8-p64312/?pstart=97,2024-10-15 16:22:15.637625
110,"Salomon Pulsar Trail 2 Pro
Men's Surf The Web/Black",$ 209.99,$ 140.00,/products/All-Mens-66507/Shoes-27/Running-28/Salomon-Pulsar-Trail-2-Pro-p62602/?pstart=97,2024-10-15 16:22:15.637625
111,"Hoka Bondi 8
Men's White/Black",$ 199.99,N/A,/products/All-Mens-66507/Shoes-27/Running-28/Hoka-Bondi-8-p62941/?pstart=97,2024-10-15 16:22:15.637625
112,"La Sportiva Ultra Raptor II
Men's Black / Yellow",$ 189.99,$ 142.49,/products/All-Mens-66507/Shoes-27/Running-28/La-Sportiva-Ultra-Raptor-II-p62464/?pstart=97,2024-10-15 16:22:15.637625
113,"On Cloudsurfer
Men's White/Sand",$ 199.99,N/A,/products/All-Mens-66507/Shoes-27/Running-28/On-Cloudsurfer-p62460/?pstart=97,2024-10-15 16:22:15.637625
114,"Altra Lone Peak Mid All-Wthr 2
Men's Black",$ 239.99,$ 150.00,/products/All-Mens-66507/Shoes-27/Running-28/Altra-Lone-Peak-Mid-AllWthr-2-p61202/?pstart=97,2024-10-15 16:22:15.637625
115,"Brooks Glycerin 21
Men's Grenadines/Salsa/Black",$ 199.99,N/A,/products/All-Mens-66507/Shoes-27/Running-28/Brooks-Glycerin-21-p63100/?pstart=97,2024-10-15 16:22:15.637625
116,"Brooks Glycerin Stealthfit 21
Men's White/Grey/Black",$ 199.99,N/A,/products/All-Mens-66507/Shoes-27/Running-28/Brooks-Glycerin-Stealthfit-21-p63106/?pstart=97,2024-10-15 16:22:15.637625
117,"Brooks Caldera 7
Men's Lemon Chrome/Black",$ 189.99,N/A,/products/All-Mens-66507/Shoes-27/Running-28/Brooks-Caldera-7-p63068/?pstart=97,2024-10-15 16:22:15.637625
118,"Hoka Anacapa 2 Mid GTX
Men's Black/Black",$ 244.99,N/A,/products/All-Mens-66507/Shoes-27/Running-28/Hoka-Anacapa-2-Mid-GTX-p63016/?pstart=97,2024-10-15 16:22:15.637625
119,"Brooks Hyperion
Men's Grey/Atomic Blue/Scarlet",$ 199.99,$ 159.99,/products/All-Mens-66507/Shoes-27/Running-28/Brooks-Hyperion-p62231/?pstart=97,2024-10-15 16:22:15.637625
120,"Salomon Xa Pro 3D V9 GTX
Men's Black/Phantom/Pewter",$ 209.99,N/A,/products/All-Mens-66507/Shoes-27/Running-28/Salomon-Xa-Pro-3D-V9-GTX-p62619/?pstart=97,2024-10-15 16:22:15.637625
121,"Salomon Speedcross 6
Men's Black/Black/Phantom",$ 179.99,N/A,/products/All-Mens-66507/Shoes-27/Running-28/Salomon-Speedcross-6-p63640/?pstart=97,2024-10-15 16:22:15.637625
122,"Salomon Xa Pro 3D v9
Men's Black/Phantom/Pewter",$ 179.99,N/A,/products/All-Mens-66507/Shoes-27/Running-28/Salomon-Xa-Pro-3D-v9-p63647/?pstart=97,2024-10-15 16:22:15.637625
123,"Brooks Launch 10
Men's Iris/Ballad Blue/Sulphur",$ 149.99,N/A,/products/All-Mens-66507/Shoes-27/Running-28/Brooks-Launch-10-p62233/?pstart=97,2024-10-15 16:22:15.637625
124,"Saucony Peregrine Ice+ 3
Men's Gravel/Black",$ 199.99,$ 159.99,/products/All-Mens-66507/Shoes-27/Running-28/Saucony-Peregrine-Ice-3-p62131/?pstart=97,2024-10-15 16:22:15.637625
125,"NB 990 V6
Men's Grey",$ 259.99,N/A,/products/All-Mens-66507/Shoes-27/Running-28/NB-990-V6-p62262/?pstart=97,2024-10-15 16:22:15.637625
126,"On Cloudsurfer
Men's Creek/White",$ 199.99,N/A,/products/All-Mens-66507/Shoes-27/Running-28/On-Cloudsurfer-p61573/?pstart=97,2024-10-15 16:22:15.637625
127,"Hoka Bondi SR
Men's White / White",$ 199.99,N/A,/products/All-Mens-66507/Shoes-27/Running-28/Hoka-Bondi-SR-p58502/?pstart=97,2024-10-15 16:22:15.637625
128,"Saucony Xodus Ultra 2
Men's Superblue/Night",$ 189.99,N/A,/products/All-Mens-66507/Shoes-27/Running-28/Saucony-Xodus-Ultra-2-p63179/?pstart=97,2024-10-15 16:22:15.637625
129,"NB 840 v5
Men's Blue",$ 179.99,$ 90.00,/products/All-Mens-66507/Shoes-27/Running-28/NB-840-v5-p63694/?pstart=97,2024-10-15 16:22:15.637625
130,"Salomon Thundercross GTX
Men's Olive Night/Alfalfa",$ 199.99,N/A,/products/All-Mens-66507/Shoes-27/Running-28/Salomon-Thundercross-GTX-p63930/?pstart=97,2024-10-15 16:22:15.637625
131,"Saucony Cohesion 16
Men's Black/White",$ 109.99,$ 70.00,/products/All-Mens-66507/Shoes-27/Running-28/Saucony-Cohesion-16-p63910/?pstart=97,2024-10-15 16:22:15.637625
132,"Salomon Thundercross GTX
Men's Flint Stone/Carbon",$ 199.99,N/A,/products/All-Mens-66507/Shoes-27/Running-28/Salomon-Thundercross-GTX-p62611/?pstart=97,2024-10-15 16:22:15.637625
133,"On Cloudstratus 3
Men's Wash/ Metal",$ 229.99,N/A,/products/All-Mens-66507/Shoes-27/Running-28/On-Cloudstratus-3-p62458/?pstart=97,2024-10-15 16:22:15.637625
134,"Brooks Glycerin GTS 21
Men's Blue/Nightlife/Black",$ 199.99,N/A,/products/All-Mens-66507/Shoes-27/Running-28/Brooks-Glycerin-GTS-21-p63103/?pstart=97,2024-10-15 16:22:15.637625
135,"Hoka Anacapa 2 Mid GTX
Men's Outer Space/Grey",$ 244.99,N/A,/products/All-Mens-66507/Shoes-27/Running-28/Hoka-Anacapa-2-Mid-GTX-p63017/?pstart=97,2024-10-15 16:22:15.637625
136,"Saucony Echelon 9
Men's Fossil/Murk",$ 179.99,N/A,/products/All-Mens-66507/Shoes-27/Running-28/Saucony-Echelon-9-p63116/?pstart=97,2024-10-15 16:22:15.637625
137,"Saucony Echelon 9
Men's Indigo/Black",$ 179.99,N/A,/products/All-Mens-66507/Shoes-27/Running-28/Saucony-Echelon-9-p62112/?pstart=97,2024-10-15 16:22:15.637625
138,"Brooks Glycerin GTS 21
Men's Black/Black/Ebony",$ 199.99,N/A,/products/All-Mens-66507/Shoes-27/Running-28/Brooks-Glycerin-GTS-21-p64104/?pstart=97,2024-10-15 16:22:15.637625
139,"Salomon Speedcross 6
Men's Lapis Blue/Ibiza Blue",$ 179.99,N/A,/products/All-Mens-66507/Shoes-27/Running-28/Salomon-Speedcross-6-p62608/?pstart=97,2024-10-15 16:22:15.637625
140,"NB Hierro v7
Men's Grey Green",$ 189.99,$ 130.00,/products/All-Mens-66507/Shoes-27/Running-28/NB-Hierro-v7-p63696/?pstart=97,2024-10-15 16:22:15.637625
141,"Salomon Xa Pro 3D v9
Men's India Ink",$ 179.99,N/A,/products/All-Mens-66507/Shoes-27/Running-28/Salomon-Xa-Pro-3D-v9-p63645/?pstart=97,2024-10-15 16:22:15.637625
142,"Saucony Omni 22
Men's Tide/White",$ 199.99,N/A,/products/All-Mens-66507/Shoes-27/Running-28/Saucony-Omni-22-p63140/?pstart=97,2024-10-15 16:22:15.637625
143,"Altra Provision 8
Men's Black",$ 179.99,N/A,/products/All-Mens-66507/Shoes-27/Running-28/Altra-Provision-8-p63444/?pstart=97,2024-10-15 16:22:15.637625
144,"Mizuno Wave Inspire 20
Men's Ebony / White",$ 179.99,N/A,/products/All-Mens-66507/Shoes-27/Running-28/Mizuno-Wave-Inspire-20-p63474/?pstart=97,2024-10-15 16:22:15.637625
145,"On Cloudgo
Men's Frost/Hay",$ 179.99,N/A,/products/All-Mens-66507/Shoes-27/Running-28/On-Cloudgo-p61612/?pstart=145,2024-10-15 16:22:19.984124
146,"Saucony Kinvara 14
Men's Black/White",$ 159.99,$ 100.00,/products/All-Mens-66507/Shoes-27/Running-28/Saucony-Kinvara-14-p61565/?pstart=145,2024-10-15 16:22:19.984124
147,"Saucony Peregrine Ice 2
Men's Black/Vizi",$ 199.99,$ 169.99,/products/All-Mens-66507/Shoes-27/Running-28/Saucony-Peregrine-Ice-2-p57534/?pstart=145,2024-10-15 16:22:19.984124
148,"Asics Gel Nimbus 26
Men's Waterscape/Black",$ 209.99,N/A,/products/All-Mens-66507/Shoes-27/Running-28/Asics-Gel-Nimbus-26-p63377/?pstart=145,2024-10-15 16:22:19.984124
149,"On Cloudmonster 2
Men's Black/Frost",$ 229.99,N/A,/products/All-Mens-66507/Shoes-27/Running-28/On-Cloudmonster-2-p63622/?pstart=145,2024-10-15 16:22:19.984124
150,"On Cloudsurfer
Men's Mineral/Aloe",$ 199.99,N/A,/products/All-Mens-66507/Shoes-27/Running-28/On-Cloudsurfer-p63630/?pstart=145,2024-10-15 16:22:19.984124
151,"Brooks Hyperion
Men's White/Fiery Coral/Orange",$ 199.99,$ 159.99,/products/All-Mens-66507/Shoes-27/Running-28/Brooks-Hyperion-p63112/?pstart=145,2024-10-15 16:22:19.984124
152,"Salomon Speedcross 6
Men's Quiet Shade/Black/Blue",$ 179.99,N/A,/products/All-Mens-66507/Shoes-27/Running-28/Salomon-Speedcross-6-p61772/?pstart=145,2024-10-15 16:22:19.984124
153,"Asics Hyper Speed 2
Men's Safety Yellow/White",$ 129.99,$ 80.00,/products/All-Mens-66507/Shoes-27/Running-28/Asics-Hyper-Speed-2-p63452/?pstart=145,2024-10-15 16:22:19.984124
154,"Asics GT 1000 11
Men's Indigo Blue/Midnight",$ 139.99,$ 90.00,/products/All-Mens-66507/Shoes-27/Running-28/Asics-GT-1000-11-p60996/?pstart=145,2024-10-15 16:22:19.984124
155,"Asics Gt 2000 11
Men's Black/Sun Peach",$ 179.99,$ 149.99,/products/All-Mens-66507/Shoes-27/Running-28/Asics-Gt-2000-11-p60978/?pstart=145,2024-10-15 16:22:19.984124
156,"Asics Novablast 4
Men's White/Pale Mint",$ 179.99,N/A,/products/All-Mens-66507/Shoes-27/Running-28/Asics-Novablast-4-p64207/?pstart=145,2024-10-15 16:22:19.984124
157,"Asics Hyper Speed
Men's French Blue/Green",$ 129.99,$ 80.00,/products/All-Mens-66507/Shoes-27/Running-28/Asics-Hyper-Speed-p63691/?pstart=145,2024-10-15 16:22:19.984124
158,"Asics Gel Nimbus 25
Men's Black/Pure Silver",$ 209.99,$ 150.00,/products/All-Mens-66507/Shoes-27/Running-28/Asics-Gel-Nimbus-25-p60957/?pstart=145,2024-10-15 16:22:19.984124
159,"Hoka Clifton 9
Men's Dusk/Illusion",$ 179.99,N/A,/products/All-Mens-66507/Shoes-27/Running-28/Hoka-Clifton-9-p64051/?pstart=145,2024-10-15 16:22:19.984124
160,"Asics Novablast 3 LE
Men's Indigo Blue/Island Blue",$ 189.99,$ 149.99,/products/All-Mens-66507/Shoes-27/Running-28/Asics-Novablast-3-LE-p60959/?pstart=145,2024-10-15 16:22:19.984124
161,"On Cloudeclipse
Men's Black/Frost",$ 229.99,N/A,/products/All-Mens-66507/Shoes-27/Running-28/On-Cloudeclipse-p62447/?pstart=145,2024-10-15 16:22:19.984124
162,"Saucony Echelon 8
Men's Black / White",$ 159.99,$ 90.00,/products/All-Mens-66507/Shoes-27/Running-28/Saucony-Echelon-8-p54924/?pstart=145,2024-10-15 16:22:19.984124
163,"Asics Hyper Speed 3
Men's White/Sunrise Red",$ 129.99,$ 100.00,/products/All-Mens-66507/Shoes-27/Running-28/Asics-Hyper-Speed-3-p63433/?pstart=145,2024-10-15 16:22:19.984124
164,"Mizuno Wave Rider 27
Men's Pearl Blue / White",$ 179.99,$ 129.88,/products/All-Mens-66507/Shoes-27/Running-28/Mizuno-Wave-Rider-27-p63485/?pstart=145,2024-10-15 16:22:19.984124
165,"Saucony Peregrine 13
Men's Dust/Night",$ 169.99,$ 118.00,/products/All-Mens-66507/Shoes-27/Running-28/Saucony-Peregrine-13-p62129/?pstart=145,2024-10-15 16:22:19.984124
166,"Brooks Ghost 16
Men's Black/Forged Iron/Blue",$ 179.99,N/A,/products/All-Mens-66507/Shoes-27/Running-28/Brooks-Ghost-16-p63076/?pstart=145,2024-10-15 16:22:19.984124
167,"Saucony Guide 17
Men's Viziblue/Peel",$ 179.99,$ 124.88,/products/All-Mens-66507/Shoes-27/Running-28/Saucony-Guide-17-p63125/?pstart=145,2024-10-15 16:22:19.984124
168,"Altra TIMP 5
Men's Blue/Orange",$ 189.99,N/A,/products/All-Mens-66507/Shoes-27/Running-28/Altra-TIMP-5-p63448/?pstart=145,2024-10-15 16:22:19.984124
169,"NB 860 V14
Men's Black",$ 179.99,N/A,/products/All-Mens-66507/Shoes-27/Running-28/NB-860-V14-p63468/?pstart=145,2024-10-15 16:22:19.984124
170,"NB 860 V14
Men's Blue Oasis",$ 179.99,N/A,/products/All-Mens-66507/Shoes-27/Running-28/NB-860-V14-p63469/?pstart=145,2024-10-15 16:22:19.984124
171,"Hoka Speedgoat 6
Men's Sherbet / Beet Root",$ 189.99,N/A,/products/All-Mens-66507/Shoes-27/Running-28/Hoka-Speedgoat-6-p63564/?pstart=145,2024-10-15 16:22:19.984124
172,"On Cloudrunner 2
Men's Eclipse/Black",$ 189.99,N/A,/products/All-Mens-66507/Shoes-27/Running-28/On-Cloudrunner-2-p63625/?pstart=145,2024-10-15 16:22:19.984124
173,"On Cloudrunner 2
Men's Undyed/Green",$ 189.99,N/A,/products/All-Mens-66507/Shoes-27/Running-28/On-Cloudrunner-2-p63626/?pstart=145,2024-10-15 16:22:19.984124
174,"Asics Gel Kayano 31
Men's Digital Aqua/Bright Cyan",$ 219.99,N/A,/products/All-Mens-66507/Shoes-27/Running-28/Asics-Gel-Kayano-31-p64220/?pstart=145,2024-10-15 16:22:19.984124
175,"Asics Gel Cumulus 26
Men's Sheet Rock/Concrete",$ 179.99,N/A,/products/All-Mens-66507/Shoes-27/Running-28/Asics-Gel-Cumulus-26-p64221/?pstart=145,2024-10-15 16:22:19.984124
176,"Asics Gel Kayano 31
Men's Black/Pure Silver",$ 219.99,N/A,/products/All-Mens-66507/Shoes-27/Running-28/Asics-Gel-Kayano-31-p64223/?pstart=145,2024-10-15 16:22:19.984124
177,"Asics Gel Kayano 31
Men's Blue Expanse/Digital",$ 219.99,N/A,/products/All-Mens-66507/Shoes-27/Running-28/Asics-Gel-Kayano-31-p64224/?pstart=145,2024-10-15 16:22:19.984124
178,"Asics Gel Cumulus 26 GTX
Men's Black/Cool Grey",$ 209.99,N/A,/products/All-Mens-66507/Shoes-27/Running-28/Asics-Gel-Cumulus-26-GTX-p64228/?pstart=145,2024-10-15 16:22:19.984124
179,"NB Vongo V6
Men's Black",$ 209.99,N/A,/products/All-Mens-66507/Shoes-27/Running-28/NB-Vongo-V6-p64328/?pstart=145,2024-10-15 16:22:19.984124
181,"Asics GT 1000 13 GTX
Men's Black/Safety Yellow",$ 159.99,N/A,/products/All-Mens-66507/Shoes-27/Running-28/Asics-GT-1000-13-GTX-p64336/?pstart=145,2024-10-15 16:22:19.984124
182,"Asics GT 1000 13
Men's Black/Digital Aqua",$ 149.99,N/A,/products/All-Mens-66507/Shoes-27/Running-28/Asics-GT-1000-13-p64338/?pstart=145,2024-10-15 16:22:19.984124
183,"Asics GT 1000 13
Men's Black Steel/Grey",$ 149.99,N/A,/products/All-Mens-66507/Shoes-27/Running-28/Asics-GT-1000-13-p64340/?pstart=145,2024-10-15 16:22:19.984124
184,"Asics Gt 2000 13
Men's Black/White",$ 179.99,N/A,/products/All-Mens-66507/Shoes-27/Running-28/Asics-Gt-2000-13-p64342/?pstart=145,2024-10-15 16:22:19.984124
185,"Asics Gt 2000 13
Men's Piedmont Grey/Black",$ 179.99,N/A,/products/All-Mens-66507/Shoes-27/Running-28/Asics-Gt-2000-13-p64343/?pstart=145,2024-10-15 16:22:19.984124
186,"Asics Hyper Speed 4
Men's Safety Yellow/Black",$ 129.99,N/A,/products/All-Mens-66507/Shoes-27/Running-28/Asics-Hyper-Speed-4-p64347/?pstart=145,2024-10-15 16:22:19.984124
187,"Asics Gel Noosa Tri 16
Men's White/Sunrise Red",$ 179.99,N/A,/products/All-Mens-66507/Shoes-27/Running-28/Asics-Gel-Noosa-Tri-16-p64351/?pstart=145,2024-10-15 16:22:19.984124
188,"Saucony Endorphin Speed 4
Men's Navy/Spice",$ 219.99,N/A,/products/All-Mens-66507/Shoes-27/Running-28/Saucony-Endorphin-Speed-4-p64381/?pstart=145,2024-10-15 16:22:19.984124
189,"Saucony Endorphin Speed 4
Men's White/Viziblue",$ 219.99,N/A,/products/All-Mens-66507/Shoes-27/Running-28/Saucony-Endorphin-Speed-4-p64382/?pstart=145,2024-10-15 16:22:19.984124
190,"Saucony Guide 17
Men's Cloud/Royal",$ 179.99,$ 124.88,/products/All-Mens-66507/Shoes-27/Running-28/Saucony-Guide-17-p64384/?pstart=145,2024-10-15 16:22:19.984124
191,"NB 880 v14
Men's Black/Black",$ 179.99,N/A,/products/All-Mens-66507/Shoes-27/Running-28/NB-880-v14-p64392/?pstart=145,2024-10-15 16:22:19.984124
192,"Saucony Hurricane 24
Men's Navy/Peel",$ 209.99,N/A,/products/All-Mens-66507/Shoes-27/Running-28/Saucony-Hurricane-24-p64401/?pstart=145,2024-10-15 16:22:19.984124
193,"Saucony Kinvara 15
Men's Citron/Navy",$ 159.99,$ 109.88,/products/All-Mens-66507/Shoes-27/Running-28/Saucony-Kinvara-15-p64404/?pstart=193,2024-10-15 16:22:25.609972
194,"Saucony Omni 22
Men's Black/White",$ 199.99,N/A,/products/All-Mens-66507/Shoes-27/Running-28/Saucony-Omni-22-p64405/?pstart=193,2024-10-15 16:22:25.609972
195,"Saucony Peregrine 14 GTX
Men's Peel/Shadow",$ 199.99,N/A,/products/All-Mens-66507/Shoes-27/Running-28/Saucony-Peregrine-14-GTX-p64406/?pstart=193,2024-10-15 16:22:25.609972
196,"Saucony Peregrine 14
Men's Spice/Shadow",$ 169.99,N/A,/products/All-Mens-66507/Shoes-27/Running-28/Saucony-Peregrine-14-p64408/?pstart=193,2024-10-15 16:22:25.609972
197,"Saucony Ride TR 2 GTX
Men's Navy/Peel",$ 209.99,N/A,/products/All-Mens-66507/Shoes-27/Running-28/Saucony-Ride-TR-2-GTX-p64412/?pstart=193,2024-10-15 16:22:25.609972
198,"Saucony Triumph 22
Men's Cloud/Navy",$ 209.99,N/A,/products/All-Mens-66507/Shoes-27/Running-28/Saucony-Triumph-22-p64414/?pstart=193,2024-10-15 16:22:25.609972
199,"Saucony Triumph 22
Men's Mirage/Black",$ 209.99,N/A,/products/All-Mens-66507/Shoes-27/Running-28/Saucony-Triumph-22-p64415/?pstart=193,2024-10-15 16:22:25.609972
200,"Saucony Triumph 22
Men's Viziblue/Pepper",$ 209.99,N/A,/products/All-Mens-66507/Shoes-27/Running-28/Saucony-Triumph-22-p64416/?pstart=193,2024-10-15 16:22:25.609972
201,"On Cloudsurfer
Men's Pearl/Ivory",$ 199.99,N/A,/products/All-Mens-66507/Shoes-27/Running-28/On-Cloudsurfer-p64438/?pstart=193,2024-10-15 16:22:25.609972
202,"NB 1080 v14
Men's Pale Moss/New Spruce",$ 209.99,N/A,/products/All-Mens-66507/Shoes-27/Running-28/NB-1080-v14-p64467/?pstart=193,2024-10-15 16:22:25.609972
203,"NB 860 V14
Men's Slate Grey/Chrome Blue",$ 179.99,N/A,/products/All-Mens-66507/Shoes-27/Running-28/NB-860-V14-p64469/?pstart=193,2024-10-15 16:22:25.609972
204,"NB 880 v14
Men's Inkwell/Cyber Jade",$ 179.99,N/A,/products/All-Mens-66507/Shoes-27/Running-28/NB-880-v14-p64471/?pstart=193,2024-10-15 16:22:25.609972
205,"NB Hierro V8 GTX
Men's Black/Phantom",$ 219.99,N/A,/products/All-Mens-66507/Shoes-27/Running-28/NB-Hierro-V8-GTX-p64482/?pstart=193,2024-10-15 16:22:25.609972
206,"NB FuelCell SuperComp Elite v4
Men's Cyber Jade/White",$ 329.99,N/A,/products/All-Mens-66507/Shoes-27/Running-28/NB-FuelCell-SuperComp-Elite-v4-p64487/?pstart=193,2024-10-15 16:22:25.609972
207,"NB Fuelcell Supercomp Train v3
Men's White/Cyber Jade",$ 249.99,N/A,/products/All-Mens-66507/Shoes-27/Running-28/NB-Fuelcell-Supercomp-Train-v3-p64488/?pstart=193,2024-10-15 16:22:25.609972
208,"NB Minimus Trail
Men's Black/Phantom",$ 159.99,N/A,/products/All-Mens-66507/Shoes-27/Running-28/NB-Minimus-Trail-p64492/?pstart=193,2024-10-15 16:22:25.609972
209,"Asics Gel-Contend 8
Men's Black/White",$ 99.99,$ 80.00,/products/All-Mens-66507/Shoes-27/Running-28/Asics-GelContend-8-p64520/?pstart=193,2024-10-15 16:22:25.609972
210,"Asics Jolt 4
Men's Black/Black",$ 89.99,$ 70.00,/products/All-Mens-66507/Shoes-27/Running-28/Asics-Jolt-4-p64521/?pstart=193,2024-10-15 16:22:25.609972
211,"Hoka Skyward X
Men's Blanc De Blanc/V.Blue",$ 279.99,N/A,/products/All-Mens-66507/Shoes-27/Running-28/Hoka-Skyward-X-p64544/?pstart=193,2024-10-15 16:22:25.609972
212,"Brooks Ghost 16
Men's Black/Black/Ebony",$ 179.99,N/A,/products/All-Mens-66507/Shoes-27/Running-28/Brooks-Ghost-16-p64547/?pstart=193,2024-10-15 16:22:25.609972
213,"Saucony Omni 21
Men's Black/White",$ 199.99,$ 120.00,/products/All-Mens-66507/Shoes-27/Running-28/Saucony-Omni-21-p64600/?pstart=193,2024-10-15 16:22:25.609972
214,"Saucony Omni 21
Men's Skyway",$ 199.99,$ 120.00,/products/All-Mens-66507/Shoes-27/Running-28/Saucony-Omni-21-p64601/?pstart=193,2024-10-15 16:22:25.609972
215,"Saucony Peregrine 13
Men's Vapor/Poppy",$ 169.99,$ 100.00,/products/All-Mens-66507/Shoes-27/Running-28/Saucony-Peregrine-13-p64604/?pstart=193,2024-10-15 16:22:25.609972
216,"Saucony Cohesion 16
Men's Sea/Black",$ 109.99,$ 70.00,/products/All-Mens-66507/Shoes-27/Running-28/Saucony-Cohesion-16-p64632/?pstart=193,2024-10-15 16:22:25.609972
217,"Altra Experience Form
Men's Black",$ 179.99,N/A,/products/All-Mens-66507/Shoes-27/Running-28/Altra-Experience-Form-p64659/?pstart=193,2024-10-15 16:22:25.609972
218,"Altra Experience Wild
Men's Gray/Orange",$ 184.99,N/A,/products/All-Mens-66507/Shoes-27/Running-28/Altra-Experience-Wild-p64660/?pstart=193,2024-10-15 16:22:25.609972
219,"Altra Experience Flow
Men's Gray/Orange",$ 179.99,N/A,/products/All-Mens-66507/Shoes-27/Running-28/Altra-Experience-Flow-p64661/?pstart=193,2024-10-15 16:22:25.609972
220,"Altra Escalante 4
Men's Black/Black",$ 179.99,N/A,/products/All-Mens-66507/Shoes-27/Running-28/Altra-Escalante-4-p64662/?pstart=193,2024-10-15 16:22:25.609972
221,"Altra Escalante 4
Men's White/Black",$ 179.99,N/A,/products/All-Mens-66507/Shoes-27/Running-28/Altra-Escalante-4-p64663/?pstart=193,2024-10-15 16:22:25.609972
222,"Brooks Adrenaline GTX 23
Men's Oyster Mushroom/Orange",$ 199.99,N/A,/products/All-Mens-66507/Shoes-27/Running-28/Brooks-Adrenaline-GTX-23-p64703/?pstart=193,2024-10-15 16:22:25.609972
223,"Brooks Beast GTS 24
Men's Black/Black/Ebony",$ 199.99,N/A,/products/All-Mens-66507/Shoes-27/Running-28/Brooks-Beast-GTS-24-p64711/?pstart=193,2024-10-15 16:22:25.609972
224,"Brooks Beast GTS 24
Men's Primer Grey/Ebony",$ 199.99,N/A,/products/All-Mens-66507/Shoes-27/Running-28/Brooks-Beast-GTS-24-p64712/?pstart=193,2024-10-15 16:22:25.609972
225,"Brooks Beast GTS 24
Men's Peacoat/True Navy/White",$ 199.99,N/A,/products/All-Mens-66507/Shoes-27/Running-28/Brooks-Beast-GTS-24-p64713/?pstart=193,2024-10-15 16:22:25.609972
226,"Brooks Glycerin 21
Men's White/Sapphire/Orange",$ 199.99,N/A,/products/All-Mens-66507/Shoes-27/Running-28/Brooks-Glycerin-21-p64720/?pstart=193,2024-10-15 16:22:25.609972
227,"Brooks Ghost 16
Men's Blue Opal/Black",$ 179.99,N/A,/products/All-Mens-66507/Shoes-27/Running-28/Brooks-Ghost-16-p64721/?pstart=193,2024-10-15 16:22:25.609972
228,"NB 880 v13 Find Your Start
Men's White/Yellow",$ 179.99,$ 130.88,/products/All-Mens-66507/Shoes-27/Running-28/NB-880-v13-Find-Your-Start-p64723/?pstart=193,2024-10-15 16:22:25.609972
229,"NB 860 V13
Men's Mercury Blue",$ 179.99,$ 133.88,/products/All-Mens-66507/Shoes-27/Running-28/NB-860-V13-p64724/?pstart=193,2024-10-15 16:22:25.609972
230,"NB Evoz V3
Men's Marine Blue",$ 139.99,$ 100.00,/products/All-Mens-66507/Shoes-27/Running-28/NB-Evoz-V3-p64725/?pstart=193,2024-10-15 16:22:25.609972
231,"NB Evoz ST
Men's Night Sky",$ 139.99,$ 100.00,/products/All-Mens-66507/Shoes-27/Running-28/NB-Evoz-ST-p64726/?pstart=193,2024-10-15 16:22:25.609972
232,"Brooks Ghost 16
Men's Black/Ebony/Blue",$ 179.99,N/A,/products/All-Mens-66507/Shoes-27/Running-28/Brooks-Ghost-16-p64730/?pstart=193,2024-10-15 16:22:25.609972
233,"Brooks Glycerin GTS 21
Men's White/Sapphire/Orange",$ 199.99,N/A,/products/All-Mens-66507/Shoes-27/Running-28/Brooks-Glycerin-GTS-21-p64734/?pstart=193,2024-10-15 16:22:25.609972
234,"Mizuno Wave Inspire 20
Men's Ebony / White",$ 179.99,N/A,/products/All-Mens-66507/Shoes-27/Running-28/Mizuno-Wave-Inspire-20-p64736/?pstart=193,2024-10-15 16:22:25.609972
235,"Mizuno Wave Inspire 20
Men's Estate Blue / White",$ 179.99,N/A,/products/All-Mens-66507/Shoes-27/Running-28/Mizuno-Wave-Inspire-20-p64737/?pstart=193,2024-10-15 16:22:25.609972
236,"Altra Torin 7
Men's Gray/Red",$ 189.99,N/A,/products/All-Mens-66507/Shoes-27/Running-28/Altra-Torin-7-p64740/?pstart=193,2024-10-15 16:22:25.609972
237,"Mizuno Neo Vista
Men's Estate Blue / River Blue",$ 229.99,N/A,/products/All-Mens-66507/Shoes-27/Running-28/Mizuno-Neo-Vista-p64741/?pstart=193,2024-10-15 16:22:25.609972
238,"Hoka Clifton 9
Men's White/White",$ 179.99,N/A,/products/All-Mens-66507/Shoes-27/Running-28/Hoka-Clifton-9-p64744/?pstart=193,2024-10-15 16:22:25.609972
239,"NB 860 V14
Men's Grey/Black",$ 179.99,N/A,/products/All-Mens-66507/Shoes-27/Running-28/NB-860-V14-p64747/?pstart=193,2024-10-15 16:22:25.609972
240,"Asics Gel Quantum 180 VII
Men's Black/Lime Green",$ 169.99,$ 110.00,/products/All-Mens-66507/Shoes-27/Running-28/Asics-Gel-Quantum-180-VII-p64756/?pstart=193,2024-10-15 16:22:25.609972
241,"Mizuno Wave Rider 28
Men's White / Estate Blue",$ 179.99,N/A,/products/All-Mens-66507/Shoes-27/Running-28/Mizuno-Wave-Rider-28-p64811/?pstart=241,2024-10-15 16:22:30.012389
242,"Mizuno Wave Sky 8
Men's Black / Metallic Grey",$ 209.99,N/A,/products/All-Mens-66507/Shoes-27/Running-28/Mizuno-Wave-Sky-8-p64814/?pstart=241,2024-10-15 16:22:30.012389
243,"Mizuno Wave Sky 8
Men's Plein Air / Laser Blue",$ 209.99,N/A,/products/All-Mens-66507/Shoes-27/Running-28/Mizuno-Wave-Sky-8-p64815/?pstart=241,2024-10-15 16:22:30.012389
244,"On Cloudrunner 2
Men's White/Sand",$ 189.99,N/A,/products/All-Mens-66507/Shoes-27/Running-28/On-Cloudrunner-2-p64817/?pstart=241,2024-10-15 16:22:30.012389
245,"On Cloudmonster 2
Men's White/Flame",$ 229.99,N/A,/products/All-Mens-66507/Shoes-27/Running-28/On-Cloudmonster-2-p64818/?pstart=241,2024-10-15 16:22:30.012389
246,"On Cloudmonster 2
Men's White/Frost",$ 229.99,N/A,/products/All-Mens-66507/Shoes-27/Running-28/On-Cloudmonster-2-p64819/?pstart=241,2024-10-15 16:22:30.012389
247,"On Cloudmonster 2
Men's Asphalt /Lima",$ 229.99,N/A,/products/All-Mens-66507/Shoes-27/Running-28/On-Cloudmonster-2-p64820/?pstart=241,2024-10-15 16:22:30.012389
248,"On Cloudrunner 2 Waterproof
Men's Magnet/Black",$ 209.99,N/A,/products/All-Mens-66507/Shoes-27/Running-28/On-Cloudrunner-2-Waterproof-p64840/?pstart=241,2024-10-15 16:22:30.012389
249,"On Cloudsurfer Next
Men's Glacier / White",$ 189.99,N/A,/products/All-Mens-66507/Shoes-27/Running-28/On-Cloudsurfer-Next-p64844/?pstart=241,2024-10-15 16:22:30.012389
250,"On Cloudswift 3.0
Men's Pearl / Eclipse",$ 199.99,N/A,/products/All-Mens-66507/Shoes-27/Running-28/On-Cloudswift-30-p64846/?pstart=241,2024-10-15 16:22:30.012389
251,"Hoka Arahi 7
Men's Outer Space / White",$ 179.99,N/A,/products/All-Mens-66507/Shoes-27/Running-28/Hoka-Arahi-7-p64848/?pstart=241,2024-10-15 16:22:30.012389
252,"Hoka Challenger ATR 7
Men's Honey / Black",$ 179.99,N/A,/products/All-Mens-66507/Shoes-27/Running-28/Hoka-Challenger-ATR-7-p64856/?pstart=241,2024-10-15 16:22:30.012389
253,"Hoka Clifton 9
Men's Midnight / Oceanic",$ 179.99,N/A,/products/All-Mens-66507/Shoes-27/Running-28/Hoka-Clifton-9-p64859/?pstart=241,2024-10-15 16:22:30.012389
254,"Hoka Clifton 9
Men's Solar Flare / Lettuce",$ 179.99,N/A,/products/All-Mens-66507/Shoes-27/Running-28/Hoka-Clifton-9-p64860/?pstart=241,2024-10-15 16:22:30.012389
255,"Hoka Clifton 9
Men's Stardust / Electric Coba",$ 179.99,N/A,/products/All-Mens-66507/Shoes-27/Running-28/Hoka-Clifton-9-p64861/?pstart=241,2024-10-15 16:22:30.012389
256,"Hoka Mach 6
Men's Electric Cobalt",$ 164.99,N/A,/products/All-Mens-66507/Shoes-27/Running-28/Hoka-Mach-6-p64866/?pstart=241,2024-10-15 16:22:30.012389
257,"Hoka Skyward X
Men's Lettuce / Cloudless",$ 279.99,N/A,/products/All-Mens-66507/Shoes-27/Running-28/Hoka-Skyward-X-p64870/?pstart=241,2024-10-15 16:22:30.012389
258,"Hoka Speedgoat 6
Men's Antique Olive / Squash",$ 189.99,N/A,/products/All-Mens-66507/Shoes-27/Running-28/Hoka-Speedgoat-6-p64871/?pstart=241,2024-10-15 16:22:30.012389
259,"Hoka Speedgoat 6
Men's Black / Stardust",$ 189.99,N/A,/products/All-Mens-66507/Shoes-27/Running-28/Hoka-Speedgoat-6-p64872/?pstart=241,2024-10-15 16:22:30.012389
260,"Hoka Speedgoat 6
Men's Galactic Grey /Hoka Blue",$ 189.99,N/A,/products/All-Mens-66507/Shoes-27/Running-28/Hoka-Speedgoat-6-p64873/?pstart=241,2024-10-15 16:22:30.012389
261,"Saucony Triumph 22
Men's Black/White",$ 209.99,N/A,/products/All-Mens-66507/Shoes-27/Running-28/Saucony-Triumph-22-p64874/?pstart=241,2024-10-15 16:22:30.012389
262,"Hoka Arahi 7
Men's Stardust / Electric Coba",$ 179.99,N/A,/products/All-Mens-66507/Shoes-27/Running-28/Hoka-Arahi-7-p64925/?pstart=241,2024-10-15 16:22:30.012389
263,"Hoka Bondi 8
Men's Electric Cobalt/Lettuce",$ 199.99,N/A,/products/All-Mens-66507/Shoes-27/Running-28/Hoka-Bondi-8-p64940/?pstart=241,2024-10-15 16:22:30.012389
264,"Asics Gel-Contend 8
Men's Black/Cherry Tomato",$ 99.99,$ 80.00,/products/All-Mens-66507/Shoes-27/Running-28/Asics-GelContend-8-p64954/?pstart=241,2024-10-15 16:22:30.012389
265,"Brooks Hyperion Max 2
Men's Illusion/Coral/Black",$ 239.99,N/A,/products/All-Mens-66507/Shoes-27/Running-28/Brooks-Hyperion-Max-2-p64961/?pstart=241,2024-10-15 16:22:30.012389
266,"Brooks Hyperion Elite 4
Unisex Illusion Blue/Coral",$ 299.99,N/A,/products/All-Mens-66507/Shoes-27/Running-28/Brooks-Hyperion-Elite-4-p64962/?pstart=241,2024-10-15 16:22:30.012389
267,"Hoka Mach X 2
Men's Frost / Citrus",$ 239.99,N/A,/products/All-Mens-66507/Shoes-27/Running-28/Hoka-Mach-X-2-p64967/?pstart=241,2024-10-15 16:22:30.012389
268,"Hoka Torrent 4
Men's Farro / Ultramarine",$ 154.99,N/A,/products/All-Mens-66507/Shoes-27/Running-28/Hoka-Torrent-4-p64969/?pstart=241,2024-10-15 16:22:30.012389
269,"Asics Gel Nimbus 26
Men's Evening Teal/L.Mustard",$ 209.99,N/A,/products/All-Mens-66507/Shoes-27/Running-28/Asics-Gel-Nimbus-26-p64989/?pstart=241,2024-10-15 16:22:30.012389
270,"Altra Escalante 4
Men's Gray",$ 179.99,N/A,/products/All-Mens-66507/Shoes-27/Running-28/Altra-Escalante-4-p64997/?pstart=241,2024-10-15 16:22:30.012389
271,"Altra Experience Wild
Men's Black",$ 184.99,N/A,/products/All-Mens-66507/Shoes-27/Running-28/Altra-Experience-Wild-p64998/?pstart=241,2024-10-15 16:22:30.012389
272,"Altra Experience Flow
Men's Black/Black",$ 179.99,N/A,/products/All-Mens-66507/Shoes-27/Running-28/Altra-Experience-Flow-p65007/?pstart=241,2024-10-15 16:22:30.012389
273,"Altra Olympus 6
Men's Taupe",$ 209.99,N/A,/products/All-Mens-66507/Shoes-27/Running-28/Altra-Olympus-6-p65009/?pstart=241,2024-10-15 16:22:30.012389
274,"Altra Timp 5 GTX
Men's Black",$ 199.99,N/A,/products/All-Mens-66507/Shoes-27/Running-28/Altra-Timp-5-GTX-p65011/?pstart=241,2024-10-15 16:22:30.012389
275,"Altra Timp 5 Hiker GTX
Men's Black",$ 219.99,N/A,/products/All-Mens-66507/Shoes-27/Running-28/Altra-Timp-5-Hiker-GTX-p65013/?pstart=241,2024-10-15 16:22:30.012389
276,"Altra TIMP 5
Men's Black",$ 189.99,N/A,/products/All-Mens-66507/Shoes-27/Running-28/Altra-TIMP-5-p65015/?pstart=241,2024-10-15 16:22:30.012389
277,"Salomon Elixir Tour WP
Men's Black/Asphalt/Castlerock",$ 149.99,N/A,/products/All-Mens-66507/Shoes-27/Running-28/Salomon-Elixir-Tour-WP-p65025/?pstart=241,2024-10-15 16:22:30.012389
278,"Salomon Genesis
Men's Black/Electric Green",$ 199.99,N/A,/products/All-Mens-66507/Shoes-27/Running-28/Salomon-Genesis-p65038/?pstart=241,2024-10-15 16:22:30.012389
279,"Salomon Speedcross 6
Men's Rum Raisin/Cherry Tomato",$ 179.99,N/A,/products/All-Mens-66507/Shoes-27/Running-28/Salomon-Speedcross-6-p65040/?pstart=241,2024-10-15 16:22:30.012389
280,"Salomon Thundercross
Men's Asphalt/Sharkskin",$ 169.99,N/A,/products/All-Mens-66507/Shoes-27/Running-28/Salomon-Thundercross-p65042/?pstart=241,2024-10-15 16:22:30.012389
281,"Salomon Xa Pro 3D V9
Men's Black/Phantom/Pewter",$ 179.99,N/A,/products/All-Mens-66507/Shoes-27/Running-28/Salomon-Xa-Pro-3D-V9-p65044/?pstart=241,2024-10-15 16:22:30.012389
282,"Asics Gel Nimbus 26
Men's White/Birch",$ 209.99,N/A,/products/All-Mens-66507/Shoes-27/Running-28/Asics-Gel-Nimbus-26-p65066/?pstart=241,2024-10-15 16:22:30.012389
283,"Hoka Speedgoat 6
Men's Stormy Skies / Aqua",$ 189.99,N/A,/products/All-Mens-66507/Shoes-27/Running-28/Hoka-Speedgoat-6-p65068/?pstart=241,2024-10-15 16:22:30.012389
284,"Brooks Adrenaline GTS 23
Men's Black/White/Silver",$ 179.99,$ 143.88,/products/All-Mens-66507/Shoes-27/Running-28/Brooks-Adrenaline-GTS-23-p65070/?pstart=241,2024-10-15 16:22:30.012389
285,"Hoka Clifton 9
Men's Frost / Gold",$ 179.99,N/A,/products/All-Mens-66507/Shoes-27/Running-28/Hoka-Clifton-9-p65078/?pstart=241,2024-10-15 16:22:30.012389
286,"Altra Paradigm 7
Men's Black",$ 199.99,N/A,/products/All-Mens-66507/Shoes-27/Running-28/Altra-Paradigm-7-p65086/?pstart=241,2024-10-15 16:22:30.012389
287,"Brooks Ghost Max 2
Men's Peacoat/Stone/Biscuit",$ 189.99,N/A,/products/All-Mens-66507/Shoes-27/Running-28/Brooks-Ghost-Max-2-p65115/?pstart=241,2024-10-15 16:22:30.012389
288,"Brooks Ghost Max 2
Men's Ebony/Cockatoo/Blue Sapp",$ 189.99,N/A,/products/All-Mens-66507/Shoes-27/Running-28/Brooks-Ghost-Max-2-p65117/?pstart=241,2024-10-15 16:22:30.012389
289,"NB 990 V6
Men's Navy",$ 259.99,N/A,/products/All-Mens-66507/Shoes-27/Running-28/NB-990-V6-p65120/?pstart=289,2024-10-15 16:22:34.369744
290,"Hoka Skyflow
Men's Frost/Solar Flare",$ 189.99,N/A,/products/All-Mens-66507/Shoes-27/Running-28/Hoka-Skyflow-p65130/?pstart=289,2024-10-15 16:22:34.369744
291,"Hoka Skyflow
Men's Varsity Navy/E.Cobalt",$ 189.99,N/A,/products/All-Mens-66507/Shoes-27/Running-28/Hoka-Skyflow-p65131/?pstart=289,2024-10-15 16:22:34.369744
292,"Asics Gel Kayano 31 Paris
Men's Light Celadon/Yellow",$ 219.99,N/A,/products/All-Mens-66507/Shoes-27/Running-28/Asics-Gel-Kayano-31-Paris-p65135/?pstart=289,2024-10-15 16:22:34.369744
293,"Asics Gel Noosa Tri 15
Men's Waterscape/Electric Lime",$ 179.99,$ 132.88,/products/All-Mens-66507/Shoes-27/Running-28/Asics-Gel-Noosa-Tri-15-p65138/?pstart=289,2024-10-15 16:22:34.369744
294,"Hoka Clifton 9 GTX
Men's Black / Black",$ 199.99,N/A,/products/All-Mens-66507/Shoes-27/Running-28/Hoka-Clifton-9-GTX-p65139/?pstart=289,2024-10-15 16:22:34.369744
295,"Hoka Speedgoat 6 GTX
Men's Black / Outer Orbit",$ 219.99,N/A,/products/All-Mens-66507/Shoes-27/Running-28/Hoka-Speedgoat-6-GTX-p65147/?pstart=289,2024-10-15 16:22:34.369744
296,"Hoka Bondi 8
Men's Lettuce/ Solar Flare",$ 199.99,N/A,/products/All-Mens-66507/Shoes-27/Running-28/Hoka-Bondi-8-p65152/?pstart=289,2024-10-15 16:22:34.369744
297,"Saucony Triumph 21
Men's Black/Gum",$ 209.99,$ 124.88,/products/All-Mens-66507/Shoes-27/Running-28/Saucony-Triumph-21-p65192/?pstart=289,2024-10-15 16:22:34.369744
298,"Saucony Triumph 21
Men's Concrete/Black",$ 209.99,$ 124.88,/products/All-Mens-66507/Shoes-27/Running-28/Saucony-Triumph-21-p65193/?pstart=289,2024-10-15 16:22:34.369744
299,"Brooks Cascadia 18
Men's Citadel/Ebony/Lime",$ 169.99,N/A,/products/All-Mens-66507/Shoes-27/Running-28/Brooks-Cascadia-18-p65240/?pstart=289,2024-10-15 16:22:34.369744
300,"Brooks Divide 5
Men's Ebony/Sapphire/Orange",$ 139.99,N/A,/products/All-Mens-66507/Shoes-27/Running-28/Brooks-Divide-5-p65241/?pstart=289,2024-10-15 16:22:34.369744
301,"Brooks Ghost Max 2
Men's Black/Black/Ebony",$ 189.99,N/A,/products/All-Mens-66507/Shoes-27/Running-28/Brooks-Ghost-Max-2-p65255/?pstart=289,2024-10-15 16:22:34.369744
302,"On Cloudmonster 2
Men's Frost/Rock",$ 229.99,N/A,/products/All-Mens-66507/Shoes-27/Running-28/On-Cloudmonster-2-p65327/?pstart=289,2024-10-15 16:22:34.369744
303,"Asics Gel Quantum 180 VII
Men's Black/Black",$ 169.99,$ 110.00,/products/All-Mens-66507/Shoes-27/Running-28/Asics-Gel-Quantum-180-VII-p65375/?pstart=289,2024-10-15 16:22:34.369744
304,"Asics Gel Quantum 180 VII
Men's White/White",$ 169.99,$ 110.00,/products/All-Mens-66507/Shoes-27/Running-28/Asics-Gel-Quantum-180-VII-p65376/?pstart=289,2024-10-15 16:22:34.369744
305,"Brooks Trace 2
Men's Run Proud",$ 139.99,$ 120.00,/products/All-Mens-66507/Shoes-27/Running-28/Brooks-Trace-2-p65420/?pstart=289,2024-10-15 16:22:34.369744
306,"Nike Interact Run
Men's Black/Grey",$ 119.99,$ 100.00,/products/All-Mens-66507/Shoes-27/Running-28/Nike-Interact-Run-p65456/?pstart=289,2024-10-15 16:22:34.369744
307,"Saucony Kinvara 14
Men's Triple Black",$ 159.99,$ 100.00,/products/All-Mens-66507/Shoes-27/Running-28/Saucony-Kinvara-14-p65473/?pstart=289,2024-10-15 16:22:34.369744
308,"Saucony Omni 21
Men's Asphalt",$ 199.99,$ 120.00,/products/All-Mens-66507/Shoes-27/Running-28/Saucony-Omni-21-p65477/?pstart=289,2024-10-15 16:22:34.369744
309,"Saucony Peregrine 13
Men's Coffee/Black",$ 169.99,$ 100.00,/products/All-Mens-66507/Shoes-27/Running-28/Saucony-Peregrine-13-p65479/?pstart=289,2024-10-15 16:22:34.369744
310,"Saucony Peregrine 13
Men's Glade/Black",$ 169.99,$ 100.00,/products/All-Mens-66507/Shoes-27/Running-28/Saucony-Peregrine-13-p65480/?pstart=289,2024-10-15 16:22:34.369744
311,"Saucony Peregrine 13 ST
Men's Cloud/Paprika",$ 169.99,$ 100.00,/products/All-Mens-66507/Shoes-27/Running-28/Saucony-Peregrine-13-ST-p65488/?pstart=289,2024-10-15 16:22:34.369744
312,"Saucony Peregrine 13 ST
Men's Glade/Bronze",$ 169.99,$ 100.00,/products/All-Mens-66507/Shoes-27/Running-28/Saucony-Peregrine-13-ST-p65489/?pstart=289,2024-10-15 16:22:34.369744
313,"Saucony Peregrine 13 ST
Men's Vapor/Black",$ 169.99,$ 100.00,/products/All-Mens-66507/Shoes-27/Running-28/Saucony-Peregrine-13-ST-p65491/?pstart=289,2024-10-15 16:22:34.369744
314,"Saucony Excursion TR15
Men's Alloy/Scarlet",$ 124.99,$ 70.00,/products/All-Mens-66507/Shoes-27/Running-28/Saucony-Excursion-TR15-p65498/?pstart=289,2024-10-15 16:22:34.369744
315,"Saucony Freedom Crossport
Men's Black/Vizi",$ 199.99,$ 120.00,/products/All-Mens-66507/Shoes-27/Running-28/Saucony-Freedom-Crossport-p65501/?pstart=289,2024-10-15 16:22:34.369744
316,"Saucony Freedom Crossport
Men's Hydro/Black",$ 199.99,$ 120.00,/products/All-Mens-66507/Shoes-27/Running-28/Saucony-Freedom-Crossport-p65503/?pstart=289,2024-10-15 16:22:34.369744
317,"Saucony Freedom Crossport
Men's White/Black",$ 199.99,$ 120.00,/products/All-Mens-66507/Shoes-27/Running-28/Saucony-Freedom-Crossport-p65504/?pstart=289,2024-10-15 16:22:34.369744
318,"On Cloudsurfer Next
Men's Black / Eclipse",$ 189.99,N/A,/products/All-Mens-66507/Shoes-27/Running-28/On-Cloudsurfer-Next-p65516/?pstart=289,2024-10-15 16:22:34.369744
319,"Hoka Cielo X1
Unisex Black /Electric",$ 309.99,N/A,/products/All-Mens-66507/Shoes-27/Running-28/Hoka-Cielo-X1-p65623/?pstart=289,2024-10-15 16:22:34.369744
320,"Saucony Hurricane 24
Men's Black/Carbon",$ 209.99,N/A,/products/All-Mens-66507/Shoes-27/Running-28/Saucony-Hurricane-24-p65625/?pstart=289,2024-10-15 16:22:34.369744
321,"Brooks Ghost 16 GTX
Men's Black Mountain Red",$ 199.99,N/A,/products/All-Mens-66507/Shoes-27/Running-28/Brooks-Ghost-16-GTX-p65641/?pstart=289,2024-10-15 16:22:34.369744
322,"NB FuelCell Rebel v4
Men's White/Bleached Lime",$ 179.99,N/A,/products/All-Mens-66507/Shoes-27/Running-28/NB-FuelCell-Rebel-v4-p65668/?pstart=289,2024-10-15 16:22:34.369744
323,"Asics Gel Nimbus 26
Men's Celadon/Light Celadon",$ 209.99,N/A,/products/All-Mens-66507/Shoes-27/Running-28/Asics-Gel-Nimbus-26-p65684/?pstart=289,2024-10-15 16:22:34.369744
324,"Hoka Clifton 9 GTX
Men's Black / Electric Aqua",$ 199.99,N/A,/products/All-Mens-66507/Shoes-27/Running-28/Hoka-Clifton-9-GTX-p65685/?pstart=289,2024-10-15 16:22:34.369744
325,"Hoka Mach X 2
Men's Black/Electric Aqua",$ 239.99,N/A,/products/All-Mens-66507/Shoes-27/Running-28/Hoka-Mach-X-2-p65686/?pstart=289,2024-10-15 16:22:34.369744
326,"Brooks Glycerin Max
Men's Grey/Black/Nightlife",$ 249.99,N/A,/products/All-Mens-66507/Shoes-27/Running-28/Brooks-Glycerin-Max-p65697/?pstart=289,2024-10-15 16:22:34.369744
327,"Hoka Clifton 9 GTX
Men's Dazzling Blue / Evening",$ 199.99,N/A,/products/All-Mens-66507/Shoes-27/Running-28/Hoka-Clifton-9-GTX-p65714/?pstart=289,2024-10-15 16:22:34.369744
328,"NB 880 v14
Men's Artic Grey/Limelight",$ 179.99,N/A,/products/All-Mens-66507/Shoes-27/Running-28/NB-880-v14-p65757/?pstart=289,2024-10-15 16:22:34.369744
329,"Asics Gt 2000 11
Men's Midnight/Red",$ 179.99,$ 120.00,/products/All-Mens-66507/Shoes-27/Running-28/Asics-Gt-2000-11-p65824/?pstart=289,2024-10-15 16:22:34.369744
330,"NB FuelCell Rebel v4
Men's Grey/Black",$ 179.99,N/A,/products/All-Mens-66507/Shoes-27/Running-28/NB-FuelCell-Rebel-v4-p65829/?pstart=289,2024-10-15 16:22:34.369744
331,"Asics Novablast 4
Men's Black/Blue Expanse",$ 179.99,N/A,/products/All-Mens-66507/Shoes-27/Running-28/Asics-Novablast-4-p65844/?pstart=289,2024-10-15 16:22:34.369744
332,"Asics Gel Excite 9
Men's Black/White",$ 119.99,$ 80.00,/products/All-Mens-66507/Shoes-27/Running-28/Asics-Gel-Excite-9-p65849/?pstart=289,2024-10-15 16:22:34.369744
333,"Saucony Ride 17
Men's Shadow/Pepper",$ 179.99,$ 124.88,/products/All-Mens-66507/Shoes-27/Running-28/Saucony-Ride-17-p65861/?pstart=289,2024-10-15 16:22:34.369744
334,"On Cloudeclipse
Men's Alloy/White",$ 229.99,N/A,/products/All-Mens-66507/Shoes-27/Running-28/On-Cloudeclipse-p65862/?pstart=289,2024-10-15 16:22:34.369744
335,"Brooks Adrenaline GTS 23
Men's N.Iron/Folkstone/Sulphur",$ 179.99,$ 143.88,/products/All-Mens-66507/Shoes-27/Running-28/Brooks-Adrenaline-GTS-23-p65865/?pstart=289,2024-10-15 16:22:34.369744
336,"Brooks Adrenaline GTS 23
Men's Yellow/F.Iron/Orange",$ 179.99,$ 143.88,/products/All-Mens-66507/Shoes-27/Running-28/Brooks-Adrenaline-GTS-23-p65866/?pstart=289,2024-10-15 16:22:34.369744
337,"Brooks Adrenaline GTS 23
Men's Cloud/Golbin Blue/Lime",$ 179.99,$ 143.88,/products/All-Mens-66507/Shoes-27/Running-28/Brooks-Adrenaline-GTS-23-p65867/?pstart=337,2024-10-15 16:22:38.16175
338,"Hoka Bondi SR
Men's Olive Haze/Barley",$ 199.99,N/A,/products/All-Mens-66507/Shoes-27/Running-28/Hoka-Bondi-SR-p65882/?pstart=337,2024-10-15 16:22:38.16175
339,"Brooks Glycerin GTS 21
Men's Blue / Opal/ Black",$ 199.99,N/A,/products/All-Mens-66507/Shoes-27/Running-28/Brooks-Glycerin-GTS-21-p63102/?pstart=337,2024-10-15 16:22:38.16175
340,"Brooks Ghost Max
Men's Black/Black/Ebony",$ 189.99,$ 150.88,/products/All-Mens-66507/Shoes-27/Running-28/Brooks-Ghost-Max-p62216/?pstart=337,2024-10-15 16:22:38.16175
341,"Brooks Ghost 16
Men's Primer/Grey/Lime",$ 179.99,N/A,/products/All-Mens-66507/Shoes-27/Running-28/Brooks-Ghost-16-p63077/?pstart=337,2024-10-15 16:22:38.16175
